"","Accession","Kr1","kr1","Kr2","kr2","Kr3","kr3","Kx","n"
"1","Ames_16950",0.000482031140072032,0.000140625590109539,0.000199423523032453,5.81789189054697e-05,0.000178093151993226,5.19560926909673e-05,8.01683003300855,3
"2","Ames_1903",0.000543481168781816,0.000169824664122841,0.000206012685232759,6.43739601008022e-05,0.000181449184688733,5.66984628265901e-05,7.08613702686495,2
"3","Ames_19097",0.000523304632790281,0.000146167076824283,0.000207595398775,5.79846053326909e-05,0.000185470624424971,5.18048136979461e-05,9.46321591685522,3
"4","Ames_19467",0.00047498001804632,0.000144149631466418,0.000184463413014894,5.59820034419669e-05,0.000165076559051789,5.0098370977659e-05,6.11857596821634,3
"5","Ames_19532",0.000450810402842866,0.000164177399373518,0.00016759557401681,6.10354271220813e-05,0.00014837167631313,5.40344140334087e-05,5.36032039924909,3
"6","Ames_19540",0.00039761202949281,0.000148305264856307,0.000149312901270104,5.56922017615335e-05,0.000133631580634788,4.98432277929044e-05,0.976672441550702,3
"7","Ames_19617",0.000502238124881616,0.000132986272768051,0.00020490138325188,5.42552822928532e-05,0.000184416969885202,4.88312699598258e-05,4.99827973852256,2
"8","Ames_19688",0.000463750374718424,0.000159230938606502,0.000175640390698642,6.03069793423638e-05,0.000155764671362524,5.34825547857453e-05,3.43304947446821,3
"9","Ames_19802",0.000450614895270718,0.000154606327259643,0.000172045668750826,5.90290051342268e-05,0.000153172530502815,5.2553616461965e-05,3.7795544497422,3
"10","Ames_19879",0.000446552021479314,0.000163721710873479,0.000166278291294575,6.09634824665724e-05,0.000147206985862472,5.39712696811705e-05,1.67843145153329,3
"11","Ames_19897",0.000538208140643899,0.000152359909534339,0.000214319867877368,6.06712407622467e-05,0.00019049301397323,5.39261601304688e-05,5.16778711052736,3
"12","Ames_19907",0.000443878044269327,0.000145757379233628,0.000171104010029035,5.61858654650288e-05,0.000153209087130599,5.03096634385073e-05,3.74211251102693,3
"13","Ames_19924",0.000589759028239451,0.000153807224432056,0.000235310466180237,6.13681994679033e-05,0.000208813567206625,5.44578949332636e-05,7.58007151471111,2
"14","Ames_19926",0.000593873115413294,0.000139220904922142,0.00024503442690265,5.74431031900215e-05,0.000218905054922923,5.13176283745246e-05,11.7075411206714,3
"15","Ames_19946",0.000549263402587689,0.000134708750815937,0.000225407248287465,5.52819079126879e-05,0.000202301394560944,4.96151173029886e-05,12.6378444916853,3
"16","Ames_19962",0.000458306544405009,0.000143034268259546,0.00017959593323448,5.60506351178857e-05,0.000160620149891817,5.01284258057905e-05,4.13188174584257,3
"17","Ames_19970",0.000546541774517407,0.000149397602005251,0.000213930447537649,5.84780475129392e-05,0.000190611661977797,5.21038400749208e-05,8.28924152047966,1
"18","Ames_19981",0.000502639303113836,0.000138904927805394,0.00020341796675523,5.6214780283618e-05,0.000182489726870858,5.04312380253352e-05,8.30050259742655,3
"19","AMES19907_obs",0.000423160178795903,0.000138954208918992,0.000165636918448073,5.43906258765254e-05,0.000149006437754952,4.89296316609763e-05,3.15371319130439,3
"20","AMES19907_pred",0.000516837137631784,0.000148344788507781,0.000205052838731747,5.88551359408165e-05,0.000183116607854618,5.25589058652528e-05,5.13900365799548,3
"21","cluster_1",0.000512584236821399,0.000147124102869454,0.000206343263555767,5.922551914989e-05,0.000183941195679373,5.2795582561958e-05,7.50373541497699,3
"22","cluster_2",0.000514550077383824,0.000147688346769978,0.00020457937112931,5.87192392603447e-05,0.000182694117197381,5.24376408039192e-05,4.56510460444214,3
"23","cluster_3",0.000513950980934489,0.000147516391564747,0.000204511189017181,5.86996693411818e-05,0.000182622517735379,5.2417090022494e-05,6.12771741817687,3
"24","cluster_4",0.000526140487312396,0.000151015075413069,0.000208738529740159,5.99130186147535e-05,0.000186023671461512,5.33933035982007e-05,5.84058837207995,2
"25","cluster_5",0.000514289553626062,0.000147613570135459,0.000204540252995851,5.87080114076763e-05,0.000182658107999496,5.24273052911326e-05,4.124452302326,3
"26","cluster_6",0.000534136108609693,0.000153310012568264,0.000212107759448027,6.08800692232645e-05,0.000188605942607649,5.41344780207641e-05,4.58157141731074,3
"27","cluster_7",0.000512040649303509,0.000146968080073286,0.000206193787587005,5.91826159230156e-05,0.000183691845759795,5.27240130898923e-05,6.76800758602861,3
"28","CONICO",0.000524831330460558,0.000134424395388419,0.000216496806010775,5.54510574396993e-05,0.000194751358740467,4.98814230979448e-05,2.54692936991852,3
"29","GORDO",0.000660421744644767,0.000122303020449862,0.000294697144697183,5.45747489489495e-05,0.000266396231700863,4.93337235450989e-05,23.3309556441305,2
"30","JALA",0.000677046034385237,0.000120474902566831,0.000304979116211808,5.42685835888516e-05,0.000275893707634895,4.90930687989279e-05,19.7255417525406,1
"31","NALTEL",0.000665959106648219,0.000112857720511427,0.000308623174936807,5.23012714634535e-05,0.00028021556866585,4.74871354948619e-05,25.1607308457532,3
"32","NSL_106891",0.000533856834115335,0.000131678843219483,0.000223282380866554,5.50738770114686e-05,0.000200429115214557,4.94369882567722e-05,12.2495350048568,2
"33","NSL_6544",0.000439151332243202,0.000139202386777544,0.0001729163901663,5.48111151141305e-05,0.000154933204985208,4.91107969885233e-05,2.41628955925945,2
"34","NSL_6547",0.000376874040327154,0.000134478012819921,0.000152634738702493,5.4463863656359e-05,0.000137114030940286,4.89256898526963e-05,4.11342300367435,3
"35","NSL_6549",0.000409013201428341,0.000122371846467673,0.000166697406797738,4.98738656844697e-05,0.000151154424150076,4.52235916112436e-05,3.99826743832684,2
"36","PALOME",0.00061833843859669,0.000131070980136271,0.00026509457956181,5.61928617131341e-05,0.000238680856649113,5.05938687747812e-05,7.78707741387552,3
"37","PI_213706",0.000555704838165256,0.000159993975349176,0.000216804686680175,6.24206256883053e-05,0.000191932228177509,5.52595516086055e-05,7.48187393669769,2
"38","PI_217404",0.000530579290181938,0.000151347738169967,0.000210965712410934,6.01779677338364e-05,0.000188281072794742,5.37071744694892e-05,4.41191296274759,3
"39","PI_218180",0.000553128646295129,0.000136536771824383,0.00022679091789798,5.59820938877153e-05,0.000203559816321339,5.02476239114369e-05,9.46360674750725,3
"40","PI_218186",0.000543190472469774,0.000158130052708189,0.000211506154567897,6.15722864538808e-05,0.000187627576413825,5.4620911174908e-05,6.88034372435363,3
"41","PI_221881",0.000552078796704629,0.000135195013777286,0.000229643898413647,5.62360123142229e-05,0.000205786219908726,5.03936593866703e-05,11.3610963560534,3
"42","PI_221888",0.000631361826617897,0.000146055495953313,0.000259366382341967,6.00002787775428e-05,0.000230745995854538,5.337940851494e-05,15.6894723035321,2
"43","PI_222609",0.000403063325729452,0.000152486345493071,0.000152142270689886,5.75582479763751e-05,0.000135864126115194,5.13999234175472e-05,1.90288468312506,3
"44","PI_234767",0.000481038583489635,0.000124290190099242,0.00020196743582078,5.21841113241222e-05,0.000182310393726256,4.71051476347785e-05,8.06541387189257,3
"45","PI_235282",0.000450418238011911,0.00013275879397977,0.000184381000964165,5.43454888257394e-05,0.000165865952397147,4.88882597200006e-05,7.95958942229317,3
"46","PI_240318",0.000453897035460866,0.000155847746820744,0.000179658713767584,6.16866900418543e-05,0.000159221207629271,5.46693732641471e-05,13.0643980297536,3
"47","PI_275835",0.000529641682512991,0.000139264223723507,0.00021811840780637,5.73521528721757e-05,0.000194981501322311,5.12685242091563e-05,7.45899438861836,3
"48","PI_311229",0.000586281879970485,0.000136177554137541,0.000249523384396174,5.79575889142325e-05,0.000223565275638193,5.19282165569011e-05,24.8614732870774,2
"49","PI_360877",0.000543399753511982,0.000124663297256333,0.000229387178687772,5.26245399611037e-05,0.000207386800885286,4.75773539437798e-05,7.38863827866546,3
"50","PI_390842",0.000523686029816409,0.000125709823676321,0.000218779288081971,5.25175470853356e-05,0.000198054083333437,4.75425015690225e-05,8.1302326771674,3
"51","PI_401754",0.000504798029887653,0.0001708127627093,0.000193271886591805,6.53990367397674e-05,0.000169630712171056,5.73993733547903e-05,5.82397162675394,2
"52","PI_401755",0.000465657059209576,0.000162061022356935,0.000174537198311744,6.0743579933545e-05,0.000154572226878749,5.37952396952366e-05,5.23880638444655,3
"53","PI_401757",0.000474018735022415,0.000136617967655314,0.00019135224256822,5.51500448283351e-05,0.000171742084091107,4.94981585238517e-05,4.29289968440767,3
"54","PI_438943",0.000506796684962788,0.000162501866282934,0.00019382693441099,6.21496539189049e-05,0.000171424569142272,5.49664455962501e-05,9.47114825506926,3
"55","PI_443781",0.000505570127224789,0.000152903295722008,0.000200768155604437,6.07197914094679e-05,0.000178088090448317,5.38604923274659e-05,6.65742269293801,3
"56","PI_443963",0.000456555822025956,0.000169404535686962,0.000170183041929786,6.31462305572594e-05,0.000150206966144139,5.57341296047437e-05,2.75862341840618,3
"57","PI_444005",0.000616868765536118,0.000150495025587068,0.000253178293883628,6.17669039913094e-05,0.000224499256339201,5.4770192972378e-05,13.1253383539551,3
"58","PI_444095",0.000511156022448885,0.000150743294646021,0.000205130517397628,6.04943474534795e-05,0.000182636197006586,5.38606234677509e-05,2.87346975614956,3
"59","PI_444125",0.000425623916190979,0.000133571994517289,0.000169684152005775,5.32513558547692e-05,0.000152707467575336,4.79236251671759e-05,2.79692594416868,3
"60","PI_444165",0.000486067781420715,0.000137185799644494,0.000195597511109129,5.520464839605e-05,0.000175418556732256,4.95094221375026e-05,3.38519378303799,3
"61","PI_444173",0.000505670500356065,0.000148719793231606,0.000199931627260728,5.88007215088423e-05,0.00017823417109021,5.24194095812945e-05,3.33784183440105,3
"62","PI_444266",0.000516434398509925,0.000131465272665694,0.000214333687945481,5.4561502503507e-05,0.000192753290311053,4.90679240985247e-05,5.9715214585316,3
"63","PI_444408",0.000475642273175544,0.000145620215319065,0.000184689752300724,5.65436737102852e-05,0.000165222145150229,5.05835702777716e-05,2.20791519052902,2
"64","PI_444498",0.000505119308984832,0.000120127375729098,0.000218771860454384,5.20282812640345e-05,0.000197918671695515,4.70689799729771e-05,11.2610051604136,2
"65","PI_444499",0.000513505090485524,0.000139518063858453,0.000207245570360911,5.63081092198253e-05,0.00018521027070694,5.03211727683168e-05,8.62036440008415,1
"66","PI_444642",0.000571167454946726,0.0001604827121743,0.000225863173093129,6.34614845162345e-05,0.000200434218736811,5.63166314131478e-05,6.10623133202382,2
"67","PI_444897",0.0005818311939052,0.000165292676496477,0.000223827870668648,6.35873569600261e-05,0.000197571145342484,5.61280724619496e-05,6.91171677775071,2
"68","PI_444954",0.000494714435990507,0.00014348420085848,0.000199946848142803,5.79914626151972e-05,0.000178456569873581,5.17585428146826e-05,6.58818601527806,2
"69","PI_445067",0.000466593785780113,0.000137676849888264,0.000187381425478929,5.5290244263281e-05,0.000168137644001137,4.96120220182699e-05,3.68558337537694,2
"70","PI_445082",0.000465755454875391,0.000138803051257812,0.000185921591154952,5.54077979696858e-05,0.000166732575512798,4.96891447711367e-05,4.80142901369577,2
"71","PI_445251",0.000374355135490289,0.000155873583722741,0.000137162694956096,5.71116535849698e-05,0.000122317091357512,5.09302573222799e-05,1.41531709501127,2
"72","PI_445298",0.000444934066033178,0.000137273778432288,0.000173722300959062,5.3597866450674e-05,0.000156154817197845,4.81778389509808e-05,2.18106126183287,2
"73","PI_445355",0.000496808399687054,0.000136899971159349,0.00020656417971922,5.69205960767346e-05,0.000185157408793467,5.10217700419969e-05,5.20670700575607,2
"74","PI_467154",0.000542294935774392,0.000162798449747409,0.000209125277198785,6.27799905273743e-05,0.000184849956384211,5.54924716238642e-05,8.46204555872107,3
"75","PI_467167",0.000459549987758191,0.000136725015409347,0.000188852843589695,5.61873759933307e-05,0.000169014284228151,5.02850206312115e-05,4.15323939065153,3
"76","PI_467168",0.000521169547942811,0.000154287654034882,0.000201748773050616,5.97259471917787e-05,0.000179334036962518,5.30902620092989e-05,7.12977220581489,2
"77","PI_467171",0.000520590915388144,0.000145766804074181,0.000210449262743133,5.89263384032779e-05,0.000187311950970574,5.24478312064337e-05,5.7908293412852,2
"78","PI_467177",0.000563825555499773,0.000149889299237434,0.000222294077654852,5.90954120459884e-05,0.000197957857329164,5.26257886400897e-05,12.8185827330607,1
"79","PI_467216",0.000512255697658061,0.000137219582156541,0.000207083067475793,5.54720076724087e-05,0.000185782300045654,4.97661025556082e-05,6.47764394176773,2
"80","PI_467225",0.000564322013601182,0.000133309867631961,0.000235006843450679,5.55156992602375e-05,0.000210800301272123,4.97973844401971e-05,9.43650414269304,2
"81","PI_467230",0.000519462603751709,0.000155504468475,0.000200258196823549,5.99485780687551e-05,0.000178002491427645,5.32861896443893e-05,4.55665048785127,3
"82","PI_467262",0.000500390710342129,0.000149795174627765,0.000195434677274044,5.8504626495904e-05,0.000174160029794025,5.21359240628898e-05,4.14733253896184,3
"83","PI_467280",0.000540257776682804,0.000156859236883106,0.000211464028342799,6.13967767715335e-05,0.000187773733785849,5.45185018329368e-05,6.52221155935386,3
"84","PI_471823",0.000600308062574071,0.000154847306161087,0.000238675852789084,6.15655779994285e-05,0.000211880864568224,5.46539071369264e-05,8.06243474927778,2
"85","PI_471857",0.000464412630266772,0.000151680473820031,0.000179306044140059,5.85626315079685e-05,0.000159836098693005,5.22036086085205e-05,1.80249074202623,2
"86","PI_471893",0.000475969179862298,0.000138413703243948,0.000193953866836626,5.64025447511277e-05,0.00017368146852913,5.05072518580278e-05,6.95087913212747,3
"87","PI_474205",0.00057007535806518,0.000147171993736683,0.000227490515443969,5.87294859186788e-05,0.000202737545130198,5.23392009494307e-05,12.1455039937655,3
"88","PI_476869",0.000527915134808005,0.00014796345315673,0.000213883562986386,5.99470416100881e-05,0.00019033309288219,5.33463426523883e-05,7.20901410581367,3
"89","PI_479123",0.000503114719457461,0.000144029839440831,0.000200899110231971,5.75126615689548e-05,0.000179088822971397,5.12688924029754e-05,4.32286300042655,3
"90","PI_483312",0.000401661754510069,0.000140323933809254,0.000153741515323835,5.3710899725444e-05,0.000138268843861811,4.83053909815562e-05,3.49324033033625,3
"91","PI_483878",0.000488163242315714,0.000129316402867264,0.000203632402430921,5.39430409890532e-05,0.000183496044773803,4.86088389981072e-05,6.11214643978122,2
"92","PI_483911",0.00052115936333367,0.000139920412285856,0.000210196038347584,5.64332494351016e-05,0.000188087649438918,5.04976084225539e-05,6.69930896640053,2
"93","PI_484975",0.000578381667016484,0.00016307693782836,0.000221876042946015,6.25588045481373e-05,0.000195800281004537,5.52066430750863e-05,9.57287383448117,2
"94","PI_485104",0.000535096204872376,0.000136215884687188,0.000220313357742902,5.60837073036462e-05,0.00019775558935036,5.03413261202633e-05,6.84724846874882,3
"95","PI_48533",0.00043734724954132,0.000151404027474044,0.000166958587131575,5.77989287450822e-05,0.000149017744453689,5.15880383357821e-05,6.95870493488922,2
"96","PI_48543",0.000460403928087745,0.00015926607071873,0.000174394815029174,6.03278452874599e-05,0.000154751117370047,5.35325632542456e-05,4.64338547746863,3
"97","PI_485690",0.000502135579670967,0.000152744941856663,0.000195360654412593,5.94268819168016e-05,0.000174032168833346,5.29389563015175e-05,3.98241724545672,3
"98","PI_485711",0.000458703228882422,0.000176415088690156,0.000171058030178181,6.5788108007372e-05,0.00015005936568785,5.77121211270048e-05,3.48081964573205,2
"99","PI_485717",0.000502990522839312,0.000140013415034073,0.000201672850048922,5.61380447003467e-05,0.000180663848696678,5.02899384394602e-05,5.79875482986819,3
"100","PI_486516",0.000556704295677104,0.000135867758734785,0.000232807679902114,5.68184185575099e-05,0.000208553876804256,5.08991003605977e-05,9.91421761029644,2
"101","PI_487903",0.000561457797694814,0.000146803258569882,0.000226293467242698,5.91685047757809e-05,0.000201676562944594,5.27319715551149e-05,8.70687312405455,3
"102","PI_488408",0.00048622908243046,0.000144662562416948,0.000190319084502711,5.66236110423271e-05,0.000170018241174577,5.05837172531829e-05,4.35229184011034,3
"103","PI_488492",0.000539182441661328,0.000155398940870379,0.000209829766107454,6.04754919609553e-05,0.000186339836112528,5.37054082930164e-05,5.1203110912638,2
"104","PI_489682",0.000416678799839984,0.000172745195394517,0.000151592067659136,6.28464931695419e-05,0.000133592031810119,5.53841031678403e-05,3.12660782672709,2
"105","PI_490825",0.000489198836857986,0.000140846113385514,0.000196013338920119,5.64345515127026e-05,0.000175572161526236,5.05492955144591e-05,5.27936203975167,3
"106","PI_492020",0.000532492699315962,0.000147296374071734,0.000217683793839851,6.02149730277584e-05,0.000193840059161142,5.36193977888603e-05,12.6356086050009,3
"107","PI_498451",0.000491723320069268,0.000130202086081292,0.000204400045141441,5.41225343324718e-05,0.000184223137230444,4.87799455361709e-05,3.52907888769075,2
"108","PI_498570",0.000466478625004763,0.000122232050774974,0.000195406204079713,5.12025627295839e-05,0.000176918617671058,4.63582344378291e-05,3.18945882394956,2
"109","PI_498609",0.000570549352415065,0.000157445459069123,0.000224046408561925,6.18265352497652e-05,0.000198454454060495,5.47643293110536e-05,5.96631937294672,1
"110","PI_498684",0.000600435230155494,0.000147481938213617,0.000241502844724457,5.9319150235141e-05,0.000215324880265765,5.28891861974624e-05,13.4800263724928,2
"111","PI_498686",0.000452909315531079,0.000130330069720846,0.000185866129321957,5.34852005966569e-05,0.000167373583825702,4.81637495661859e-05,4.38078429927497,3
"112","PI_498703",0.000513812620791023,0.000135811946465539,0.000212832656239259,5.62563396570223e-05,0.000191024522062695,5.04919714195488e-05,6.59156001623655,3
"113","PI_503560",0.00051116931988464,0.000154242526888902,0.000200169032319112,6.03999030238629e-05,0.000178012013927512,5.37141447592325e-05,2.74503991913938,2
"114","PI_503563",0.000595754920703712,0.000161342148923385,0.000232504763482307,6.29668624991771e-05,0.000205577019362737,5.56742998179012e-05,20.2331010170153,3
"115","PI_503566",0.000601926021102667,0.000153478475692581,0.000239981277289431,6.11901784303462e-05,0.000212969036356281,5.43026251129701e-05,20.7212418122119,2
"116","PI_503574",0.000532944704731132,0.000147920054683528,0.000211711023349021,5.87608918390356e-05,0.00018873647558399,5.23842521397121e-05,8.39157892752924,2
"117","PI_503720",0.000502880794816828,0.000148709742602277,0.000197185433165194,5.83108269656538e-05,0.000175710085542982,5.19602296668308e-05,8.01958567945996,3
"118","PI_504118",0.00045366074049416,0.000136344715832299,0.000180972273656072,5.43900122331168e-05,0.000162680255138316,4.88924678256243e-05,4.06444646329518,2
"119","PI_508270",0.000512057068475649,0.000147427267794817,0.000200223519805536,5.76467122328089e-05,0.000178613120454613,5.14248234465731e-05,5.47925695374646,3
"120","PI_515087",0.00056331494111321,0.000156576912855213,0.000224571148100324,6.24209558802256e-05,0.000198697977584982,5.52293462327646e-05,5.64391674230271,3
"121","PI_515463",0.000660989310058957,0.000152448693608052,0.00026418417035791,6.09306853077518e-05,0.000234473079223238,5.40782037922089e-05,16.1164260603384,3
"122","PI_516002",0.00049468170300091,0.000145884908788135,0.000195263844301927,5.75846002445635e-05,0.000174358389924272,5.14194433637699e-05,6.29562769392039,3
"123","PI_516008",0.000565368717274441,0.000136358995697168,0.000233126273662235,5.6226783647413e-05,0.000209193401687416,5.04545109925554e-05,6.22208277088536,3
"124","PI_516018",0.000554460619985413,0.000156488717071012,0.000220213552310782,6.21521800478293e-05,0.000195023877022564,5.50427482375192e-05,7.01602131865562,2
"125","PI_516025",0.000345975934432994,0.000148490642213702,0.00013163370701189,5.64963390393025e-05,0.000117664987082899,5.05010544350174e-05,2.61535294934543,3
"126","PI_516049",0.000603079400602966,0.0001467472353696,0.000243674502959338,5.92932864289386e-05,0.000217324934663988,5.28816492603352e-05,6.36528022990024,3
"127","PI_516052",0.000490607355612479,0.000135644990185477,0.000206272168312898,5.70309146943181e-05,0.00018497368095586,5.11422277933556e-05,14.1323450594573,2
"128","PI_516060",0.000487075258507463,0.000137539001466694,0.000199689532872692,5.63877932104812e-05,0.000179067936809408,5.05647223776809e-05,11.039357611988,3
"129","PI_516061",0.000439399741138488,0.000139811724233878,0.000179472122059752,5.71058753290857e-05,0.000160652837454711,5.11178048248529e-05,12.6441222182256,3
"130","PI_516074",0.000393454355748472,0.000132376764802482,0.000157937632867682,5.31377339559853e-05,0.00014250638611802,4.79459283710577e-05,5.72030623529418,3
"131","PI_540761",0.000507588139665944,0.000141846767019322,0.000201285401450425,5.62497056426885e-05,0.000180316783337007,5.03899732025085e-05,7.26462704033121,3
"132","PI_571394",0.000415472606571344,0.000128569202710992,0.00016715537716504,5.17267161084761e-05,0.000151080812441005,4.67523954485638e-05,3.47924030561274,3
"133","PI_571401",0.000444102670511339,0.000143799562505338,0.000171736272937549,5.56078640245113e-05,0.000153896533000721,4.98313916714602e-05,1.20397518914421,2
"134","PI_571402",0.000437482855828143,0.000152255651400382,0.000166265491113635,5.78648061693541e-05,0.000148241902441552,5.15921186862165e-05,1.52705453502608,2
"135","PI_571423",0.000419544807227292,0.00013273634468214,0.000162456347866052,5.13982330723198e-05,0.000146550736435596,4.63659869692967e-05,3.00025097435579,3
"136","PI_571427",0.000462657037903888,0.000136217498426875,0.000181613752774813,5.34715114136905e-05,0.000163461324742884,4.81269945592925e-05,4.08977948660489,3
"137","PI_571437",0.000392007103577757,0.000128550314972763,0.000158298167184751,5.19104859720338e-05,0.000142864558199465,4.68493651961155e-05,1.58504867434009,3
"138","PI_571439",0.000452986482421464,0.000116895113711838,0.000189432895719858,4.88839750086244e-05,0.00017219466373327,4.44355749647828e-05,6.02327390202794,3
"139","PI_571447",0.000444208427142362,0.000155546238394727,0.000170386082441694,5.96632404502435e-05,0.000151501938741099,5.30506745049523e-05,1.4724390927504,3
"140","PI_571465",0.000429718616027348,0.000118019292422329,0.000176610510720695,4.85048744275863e-05,0.000160794463079926,4.41611046166861e-05,2.10383219607159,3
"141","PI_571479",0.000436614870048713,0.00013250635862358,0.000171956454908247,5.21863208167175e-05,0.000155128989058394,4.70794259819678e-05,3.36216932165038,3
"142","PI_571522",0.00051158826958902,0.000156074728610771,0.000196498280802464,5.99474571091416e-05,0.00017443712021531,5.32170650025267e-05,5.18434199844705,3
"143","PI_571523",0.00050243488612951,0.00014208993456365,0.000200510617871109,5.6704940996631e-05,0.000179455416315248,5.07504734747925e-05,5.91350352408952,3
"144","PI_571543",0.000590930863196581,0.000129149950008287,0.000246222811240499,5.38128328423958e-05,0.000221699083550051,4.8453088746267e-05,8.39777534331986,3
"145","PI_571550",0.000516942181490766,0.000142789043692539,0.000201601771261855,5.56861582511749e-05,0.000180390489202534,4.98272076969585e-05,6.89359911987946,1
"146","PI_571573",0.000325880245921844,0.000147393490152504,0.000118538736292696,5.36142901544205e-05,0.000106271110331674,4.80657236828152e-05,0.371563283927567,3
"147","PI_571581",0.000486918062533678,0.000139898299741178,0.000192846565419285,5.54074878074947e-05,0.000172904005732503,4.96777143459183e-05,3.40226015043211,2
"148","PI_571582",0.000471423490394797,0.000145533525222654,0.00018175327230625,5.61091990077323e-05,0.000162594179740874,5.01945801185226e-05,3.72807819288496,3
"149","PI_571584",0.000499226501513136,0.000149869185857514,0.000193240480381057,5.80113302912503e-05,0.000172298086630958,5.17243653730786e-05,6.56604012799139,3
"150","PI_571629",0.000583390581439501,0.000145235227547199,0.000234988815273958,5.85005228797981e-05,0.000209842946094214,5.22404526140406e-05,6.39059439041976,2
"151","PI_571676",0.000554541670642307,0.000151018236130475,0.000219667040634026,5.98218867377955e-05,0.000195437118571305,5.32233563022869e-05,3.04815002349108,3
"152","PI_571749",0.000522107531030878,0.000145405671125424,0.000204521944381402,5.69588615661928e-05,0.000182701986607814,5.08820566640827e-05,6.83084295645547,2
"153","PI_571770",0.000459012927150445,0.000144678409798851,0.000180343173158317,5.68431997604117e-05,0.000161460769622633,5.08915675619844e-05,1.97452938901425,3
"154","PI_571819",0.00055898523044606,0.000152015987626309,0.000222824279406813,6.05970445303491e-05,0.00019788590674812,5.38150561288327e-05,9.8136985431949,3
"155","PI_571822",0.000441989555676222,0.000144356937902321,0.000173656537920045,5.67174625257885e-05,0.000155395868513466,5.07533977968215e-05,1.7051090963605,3
"156","PI_571853",0.000492284787951819,0.000141002111661508,0.000199033446763491,5.7007929092595e-05,0.00017831731378743,5.10743342170795e-05,3.78124412707632,2
"157","PI_571891",0.000438587624594383,0.000159992951144701,0.000163755748126707,5.97366727662015e-05,0.000145407099954508,5.30432454874426e-05,1.93168297422394,2
"158","PI_571913",0.000522793402700117,0.000131802303964883,0.000218236216058491,5.50198911013926e-05,0.000196408930063317,4.95169781560383e-05,7.21683428710552,3
"159","PI_571954",0.000447519430416614,0.000143773807869028,0.000172828124681843,5.55241982884175e-05,0.000154945705843957,4.97791439388483e-05,3.06087330282654,3
"160","PI_571975",0.000523911725498571,0.000144093807247194,0.000207748916424293,5.71381224395541e-05,0.000185562166241336,5.10360003668665e-05,2.98082219199781,3
"161","PI_571986",0.000533155304781845,0.000141735815695043,0.00021966564703941,5.83966611305683e-05,0.00019615313970581,5.21460163820797e-05,5.31736841427265,3
"162","PI_571994",0.000526068031667399,0.000129807320546028,0.000219871454943829,5.42532956058044e-05,0.000197847075527539,4.88187785726061e-05,6.11883753550948,2
"163","PI_572037",0.000403747081959459,0.000146793294965853,0.00015277246187951,5.55446071597621e-05,0.000136849012673505,4.97552016615807e-05,1.62952344541258,3
"164","PI_572038",0.000455495501781543,0.000150907268139855,0.000174252127210995,5.7730345046484e-05,0.000155585371683687,5.15459830261283e-05,2.04667533152514,3
"165","PI_572049",0.000420821346606401,0.000150400335973097,0.000157926816578474,5.64425889135799e-05,0.000140985569905611,5.03878361973758e-05,2.04966046665018,3
"166","PI_572073",0.000382031404799134,0.000141875115097582,0.000146028021581056,5.42304692991861e-05,0.000131386202135436,4.87929325077347e-05,2.39861530737673,3
"167","PI_572146",0.000432688204721789,0.000149341975897147,0.000164310107620331,5.6711497711547e-05,0.000146859842309397,5.06885530760674e-05,4.45714663997763,3
"168","PI_583344",0.000454766724355153,0.000144334516538851,0.000178824953479981,5.67557207317978e-05,0.00016016182027986,5.08323886952261e-05,1.80487818226757,2
"169","PI_583749",0.000480400033438416,0.000174662572093121,0.000177663297602965,6.45943513029697e-05,0.000156203582511358,5.67920849137312e-05,5.67096657414505,3
"170","PI_583750",0.00054892305240996,0.000148590698765849,0.00021764537778445,5.89155048711558e-05,0.000194184907811142,5.25648741016804e-05,5.12595527919795,3
"171","PI_583751",0.000520454209665512,0.000142736406807538,0.000209364069442463,5.74188361470396e-05,0.000187410864629606,5.13980921224864e-05,5.1094050996893,3
"172","PI_583752",0.00050238429037837,0.000142362069034447,0.000200096756419646,5.67019884907792e-05,0.000179022535156492,5.07301263132163e-05,3.95077749470258,2
"173","PI_583894",0.000441995987703328,0.000140104086944515,0.000176875173907273,5.60659721645801e-05,0.000158457428826614,5.02279070465895e-05,2.93081415931079,3
"174","PI_583917",0.000618011811043292,0.000143353320213277,0.000251216033023215,5.82717866894675e-05,0.000224367475136367,5.20440255896908e-05,11.9673232601212,3
"175","PI_583923",0.000476335690968105,0.000141326621296292,0.000190589624421134,5.65470700270741e-05,0.00017037647425328,5.05499208040722e-05,5.45935083530757,3
"176","PI_583926",0.000432970365924863,0.000150685185082654,0.000169432386596046,5.89669698956986e-05,0.000150630141848253,5.2423289420619e-05,2.85225999046772,3
"177","PI_583927",0.000462151727686674,0.000149348946424979,0.000181828721070303,5.87597671820503e-05,0.00016201970828265,5.23582868622349e-05,2.60000248156811,3
"178","PI_583928",0.00045183657992704,0.000148070093885511,0.000173432334103652,5.68350220729311e-05,0.000154900503471296,5.07620080154008e-05,2.62997336715582,3
"179","PI_583932",0.000420788775693594,0.000141272250685235,0.000167448207712449,5.62177190628583e-05,0.000149605448522772,5.02273341125811e-05,5.71393568042866,3
"180","PI_584439",0.000509892843835637,0.000143838115608805,0.000204087682291868,5.75720722397379e-05,0.000182272138391593,5.14180209257561e-05,8.80121768824162,3
"181","PI_584440",0.000544384953067872,0.000135789412223811,0.000222383912141474,5.54706380981795e-05,0.000199474173837319,4.97561159002549e-05,10.140016384412,2
"182","PI_586644",0.000514604488547628,0.000137662687678283,0.000213183877809799,5.70291675298116e-05,0.000190986369661475,5.10910758507375e-05,8.6000414359629,2
"183","PI_586765",0.000403657416609443,0.000134948483220559,0.000164192807618369,5.48920184099139e-05,0.000147109537030226,4.91808352148165e-05,2.68091619870845,3
"184","PI_586784",0.000540488552092703,0.000148090989546891,0.000214617101030641,5.88039445835688e-05,0.000191307307696422,5.24171851459592e-05,4.76749330655405,3
"185","PI_596543",0.000578525051060654,0.000141405116816392,0.000234534129863133,5.73256524845802e-05,0.000209509975675881,5.12091611769137e-05,6.45001524166165,2
"186","PI_608619",0.000503805332511288,0.000145812926118661,0.000199770829936791,5.78183027977064e-05,0.000178303968824522,5.16052962426545e-05,10.0472918805638,3
"187","PI_620780",0.00048237285751903,0.000139025727418179,0.000196585161195394,5.66582356548355e-05,0.000176229710400109,5.07915470349689e-05,4.89366122137694,2
"188","PI_620796",0.000527411933922254,0.000159417481197052,0.000201885992680883,6.10228065997784e-05,0.000178876016281518,5.40677260563582e-05,10.7578728298526,3
"189","PI_620801",0.000562369600134105,0.000151742356119886,0.000220274489088568,5.94359473901735e-05,0.000195951414004172,5.28729313229695e-05,5.5979595728374,3
"190","PI_620804",0.000555221692769078,0.000163204330694876,0.000213495055650805,6.27556850136372e-05,0.000188697121261857,5.54664700256938e-05,8.24271903156449,2
"191","PI_620829",0.000623849431620651,0.000125511377197882,0.000267916774827119,5.39017937318796e-05,0.000241603422126738,4.86078478392965e-05,18.8062021274883,2
"192","PI_620839",0.000473489956786024,0.000160218786217783,0.000178552091515077,6.04181756533438e-05,0.000158317935911454,5.35713739324377e-05,4.87969700037599,3
"193","PI_620843",0.000513324562004491,0.000146575776781978,0.000201300757616365,5.74798423812056e-05,0.000179547107576539,5.12682593235397e-05,4.60397459114188,3
"194","PI_620849",0.000588852259729611,0.000155646569076854,0.000232674937065574,6.15010897318433e-05,0.000206000073341215,5.44503381202329e-05,18.5504911455443,2
"195","PI_620857",0.000500786690313136,0.00014874575386264,0.000196140029541748,5.82583305849941e-05,0.000174737245194495,5.19011862078122e-05,5.76896028978662,2
"196","PI_620858",0.00053449925421043,0.000153968850692728,0.000207467610939683,5.97635064234774e-05,0.000184286359595601,5.30858719853527e-05,10.2751566445551,3
"197","PI_628446",0.000490586257410076,0.000145877795483075,0.000192652006100757,5.72858483515954e-05,0.000172274926622945,5.12266418660743e-05,7.77831689761657,3
"198","PI_628460",0.000446975638295376,0.00014258555968968,0.000173629773711474,5.53880264209897e-05,0.000155659774194552,4.96555832647694e-05,3.88032170942024,3
"199","PI_628480",0.000571757935296647,0.000128478116801223,0.000245263401907532,5.51124489089816e-05,0.000220808896688675,4.96173458524857e-05,10.837313614123,1
"200","PI_629130",0.000525017904738364,0.000151158845379003,0.000205928957403718,5.92893749914303e-05,0.000183347598868819,5.27879356073284e-05,9.47726551991057,2
"201","PI_629147",0.000546365623751885,0.000156250715392861,0.000216226536025014,6.18368899361269e-05,0.000191620154453666,5.47999085511143e-05,8.34767795029529,2
"202","PI_629157",0.000463340982703138,0.000139017556573539,0.000184873600325358,5.5468169558942e-05,0.000165699781090961,4.97153922315443e-05,5.70177085539746,2
"203","PI_629191",0.000491325683717154,0.000154382124915559,0.000191885487714778,6.02933864758424e-05,0.000170320443965447,5.35173163694904e-05,3.62886602277273,3
"204","PI_629202",0.000613892173731385,0.000149322764812638,0.000246163457231083,5.98766519634225e-05,0.000218299372121245,5.3099008583013e-05,17.1438987630363,2
"205","PI_629245",0.000559414345178596,0.000161907461710755,0.000216094120100936,6.25426408487822e-05,0.000190923737939445,5.52577495670692e-05,8.06427916213965,3
"206","PI_629246",0.000543825156762235,0.000164662422000155,0.000208490517682867,6.31279248097318e-05,0.000184222012050417,5.57797709663988e-05,9.2148329587391,3
"207","PI_629255",0.000523554711097558,0.000138569603457575,0.000212130441655663,5.61447171774723e-05,0.000190484851053307,5.04157630819477e-05,10.1026851603434,3
"208","PI_629262",0.000534570045179562,0.000159222143313016,0.000207364329936313,6.17636423081596e-05,0.000183935654656979,5.47853914192469e-05,5.20862144643193,3
"209","PI_629263",0.000478446185008178,0.000171132687890384,0.000179238019912736,6.41106253554773e-05,0.000157926547191663,5.64878461925552e-05,3.3765591609988,3
"210","PI629263_obs",0.000405338092780313,9.94105641539022e-05,0.000173381586722033,4.252243166121e-05,0.00016008102106803,3.92604220973886e-05,1.47946907451754,3
"211","PI629263_pred",0.000534748851331706,0.000153485884584588,0.000212214085070938,6.09105872547588e-05,0.000188719247587048,5.41669992967754e-05,5.45165884447183,2
"212","REVENT",0.000647999997579287,0.00012469946139537,0.000285940714792614,5.50256994735302e-05,0.000258184264208942,4.96843191479729e-05,14.7670342414538,3
"213","TABLON",0.000624730755919136,0.00012167647153201,0.000277437773610959,5.40355169692456e-05,0.00025091355401398,4.88694939743439e-05,15.4557154855267,3
"214","TBL_MT",0.000511113812538825,0.000119073363146845,0.000226445027024532,5.27545338713402e-05,0.00020436779936535,4.76112376389818e-05,11.4286961479909,3
"215","TBL_WT",0.000561571992880781,0.000111502859444472,0.000254969737736847,5.06254855831121e-05,0.000231839869715453,4.60329374224951e-05,12.4563849596484,3
"216","ZAPCHI",0.00067851287001171,0.000123575272983064,0.000303151534775613,5.52119721243971e-05,0.000273730696797433,4.98536535939301e-05,23.9182780338339,3
