"","X","r_stele","radius","CF","OneC","nX","X_size","aerenchyma","TCA","Accession","id","rep","Trt","Roottype"
"1",1,0.509302500580764,0.950260186057048,8,0.0435332449422408,13,0.182930220080883,0.0883548446482102,6.35213053155077,"W2","W2-DS-CR4-1.tif",1,"sheltered","CR4"
"2",2,0.533458911074744,0.988157298591817,10,0.0646924227787085,13,0.130540522173528,0.119621192210371,6.82854672718331,"W2","W2-DS-CR4-4.tif",2,"sheltered","CR4"
"3",3,0.544935999724842,0.995055692605334,10,0.0735814344010918,13,0.184905797516147,0.0756131222739809,6.84141817802962,"W2","W2-DS-CR4-5.tif",3,"sheltered","CR4"
"4",4,0.372145102308839,0.754111510993458,7,0.0557308911703916,11,0.158205072293705,0.123509547601571,4.2458267696413,"W2","W2-DS-CR5-1.tif",4,"sheltered","CR5"
"5",5,1.05629150261469,1.80711611960167,10,0.0875380851989495,29,0.177779498883341,0.00577994604799027,21.2188296064264,"W2","W2-WW-CR1-3.tif",5,"non-sheltered","CR1"
"6",6,0.911810234624273,1.48538010518598,NA,NA,21,0.201750075176299,NA,13.5702732981319,"W2","W2-WW-CR2-3.tif",6,"non-sheltered","CR2"
"7",7,0.492573503164495,0.917248266224538,10,0.0519018359130918,14,0.216603476013307,NA,5.90908736306946,"W2","W2-WW-CR3-1.tif",7,"non-sheltered","CR3"
"8",8,0.502634283940916,0.939843383835977,10,0.0607349138037499,13,0.168427160304735,0.111822737861375,6.22440777018257,"W2","W2-WW-CR3-2.tif",8,"non-sheltered","CR3"
"9",9,0.47261801203463,0.954787230543782,7,0.0706103408387641,13,0.203232821199051,NA,6.79276381866417,"W2","W2-WW-CR3-3.tif",9,"non-sheltered","CR3"
"10",10,0.497901368033381,0.942660747597906,10,0.0683768688759385,13,0.206556510341604,0.0114148504778995,6.32349020945121,"W2","W2-WW-CR3-4.tif",10,"non-sheltered","CR3"
"11",11,0.407729199603711,0.788054956469672,10,0.059984583256218,13,0.185637854621303,NA,4.48857285177724,"W2","W2-WW-CR4-1.tif",11,"non-sheltered","CR4"
"12",12,0.390114797089307,0.794622789524171,8,0.052697545303307,13,0.19817521616377,NA,4.72986798510802,"W2","W2-WW-CR4-3.tif",12,"non-sheltered","CR4"
"13",13,0.363512174733708,0.777353592305388,7,0.106056673923835,9,0.201136511666828,0.179775787511887,4.6598104100037,"W2","W2-WW-CR5-1.tif",13,"non-sheltered","CR5"
"14",14,0.367968853486887,0.783919967002714,8,0.0820211093185511,9,0.173465331009121,0.0945745511702825,4.72881800532851,"W2","W2-WW-CR5-2.tif",14,"non-sheltered","CR5"
"15",15,0.366634395909496,0.823941541347999,8,0.0810351247177177,9,0.201608889919949,0.117361952524681,5.37359379078048,"W2","W2-WW-CR5-3.tif",15,"non-sheltered","CR5"
"16",16,0.381975827241355,0.865285298764475,NA,0.101318174961747,9,0.199515161086039,0.113181378390401,5.94952697936426,"W2","W2-WW-CR5-4.tif",16,"non-sheltered","CR5"
"17",17,0.381623269394991,0.724755935651033,8,0.0836900024205879,14,0.156470870098494,0.0789254630410547,3.74684575199781,"W2","W2-WW-CR5-6.tif",17,"non-sheltered","CR5"
"18",18,0.358509219689798,0.733631193576269,11,0.0790304138194315,10,0.172299158752638,0.187944934933738,4.04343744178649,"W2","W2-WW-CR5-7.tif",18,"non-sheltered","CR5"
"19",19,0.386842790478963,0.788122405488884,9,0.0747062122027269,9,0.200743961173734,0.153693134039776,4.65341564852207,"W2","W2-WW-CR5-8.tif",19,"non-sheltered","CR5"
"20",20,0.226757222276412,0.725491494549731,8,0.0984378390847857,6,0.145291223005771,0.0920497760791459,4.6872633514226,"W2","W2-WW-SR-1.tif",20,"non-sheltered","SR"
"21",21,0.296518952903391,0.751295058704762,10,0.0886850498081624,6,0.137032715551081,0.101738405311207,4.70307154607845,"W2","W2-WW-SR-2.tif",21,"non-sheltered","SR"
"22",22,0.259268864833995,0.702600998846052,8,0.100800698190832,6,0.160300209437593,0.093224983620279,4.20867388218089,"W2","W2-WW-SR-3.tif",22,"non-sheltered","SR"
"23",23,0.265080478929856,0.61843306918873,8,0.0561411676056641,6,0.146103328416367,0.0376570986980558,3.08120957073047,"W2","W2-WW-SR-4.tif",23,"non-sheltered","SR"
"24",24,0.277381539382214,0.702064019582293,9,0.0821158161120625,6,0.141480822206333,0.0756503746871139,4.105295203324,"W2","W2-WW-SR-5.tif",24,"non-sheltered","SR"
"25",25,0.304873820377701,0.758735657761904,10,0.0560241304006423,6,0.130449583035133,0.0372819414150397,4.76437142416072,"W2","W2-WW-SR-8.tif",25,"non-sheltered","SR"
"26",26,0.227897475290379,0.631829112817837,9,0.073268593234049,6,0.130662814072766,0.0833507113273187,3.42742510575386,"W2","W2-WW-SR-9.tif",26,"non-sheltered","SR"
"27",27,0.715379975096696,1.52923855648628,14,0.094616466637877,18,0.211063565084598,NA,18.0298135908427,"GBL","GBL-DS-CR2-3.tif",27,"sheltered","CR1"
"28",28,0.564822218889031,1.1376777982608,NA,0.0545109757634473,22,0.155061650746917,NA,9.62569325233658,"GBL","GBL-DS-CR3-1.tif",28,"sheltered","CR3"
"29",29,0.675706036642321,1.34654553540121,17,0.0685825815093049,22,0.188619712619058,NA,13.3891668275694,"GBL","GBL-DS-CR3-4.tif",29,"sheltered","CR3"
"30",30,0.428407914361194,0.942680131595319,9,0.0989851854736695,9,0.236995430141502,0.121882551775633,6.95918132881567,"GBL","GBL-DS-CR4-3.tif",30,"sheltered","CR4"
"31",31,0.407623225649202,0.813052535227566,10,0.0682444660501348,13,0.168836713661545,NA,4.88444482348621,"GBL","GBL-DS-CR4-2.tif",31,"sheltered","CR4"
"32",32,0.302510248755836,0.661365402919842,8,0.0658793810831344,9,0.16038701972015,NA,3.41381469444731,"GBL","GBL-DS-CR5-1.tif",32,"sheltered","CR5"
"33",33,0.278958448839473,0.62743793860764,7,0.0728678664602906,9,0.175697797292678,NA,3.11741868058177,"GBL","GBL-DS-CR5-2.tif",33,"sheltered","CR5"
"34",34,0.288975843490023,0.661927903434113,7,0.087692172218567,9,0.155450840290387,0.0128911941902482,3.50017141998449,"GBL","GBL-DS-CR5-3.tif",34,"sheltered","CR5"
"35",35,0.291061233481302,0.603420072045013,7,0.0901346597052076,9,0.180940949349962,0.0233213454195831,2.75755899869297,"GBL","GBL-DS-CR5-4.tif",35,"sheltered","CR5"
"36",36,0.31860388856411,0.721969683508777,10,0.0775780036457018,8,0.108253552215878,NA,4.14258668334589,"GBL","GBL-DS-SR-1.tif",36,"sheltered","SR"
"37",37,0.807894204379941,1.38899533520299,14,0.0817371325419493,25,0.17493930907601,0.0739497155818632,12.5996849805012,"GBL","GBL-WW-CR1-1.tif",37,"non-sheltered","CR1"
"38",38,0.829691479088455,1.47916252091232,NA,NA,20,0.258185353843021,0.202250177096919,14.7998055183903,"GBL","GBL-WW-CR2-1.tif",38,"non-sheltered","CR2"
"39",39,0.597768330354147,1.26304219126021,14,0.0641068059418023,19,0.128196261403138,NA,12.2180629521556,"GBL","GBL-WW-CR2-10.tif",39,"non-sheltered","CR2"
"40",40,0.5768914613159,1.22457625866342,15,0.0728194001330577,19,0.145713784579089,0.0200882767417995,11.5156891500758,"GBL","GBL-WW-CR2-11.tif",40,"non-sheltered","CR2"
"41",41,0.553941841381867,1.14397553141404,13,0.0776882196639277,20,0.137174846075404,NA,9.88765050729113,"GBL","GBL-WW-CR2-12.tif",41,"non-sheltered","CR2"
"42",42,0.593788230571848,1.22994185852414,10,0.0625431027203525,21,0.160554298265553,0.0921960778996646,11.4504437362236,"GBL","GBL-WW-CR2-13.tif",42,"non-sheltered","CR2"
"43",43,0.585895115437166,1.18145634374104,15,0.0867048951823408,21,0.14059963848341,NA,10.3884100839995,"GBL","GBL-WW-CR2-14.tif",43,"non-sheltered","CR2"
"44",44,0.695812832328796,1.38318171586602,0,0.0788722340877365,19,0.223550720877723,0.109177303485639,14.1040215885862,"GBL","GBL-WW-CR2-2.tif",44,"non-sheltered","CR2"
"45",45,0.681569908536851,1.34535423988622,13,0.067862982203337,19,0.198697087368457,0.140489359959809,13.2789653870041,"GBL","GBL-WW-CR2-3.tif",45,"non-sheltered","CR2"
"46",46,0.670707760494338,1.48843354051515,NA,NA,19,0.240524649769267,0.125301554252278,17.4256304661384,"GBL","GBL-WW-CR2-4.tif",46,"non-sheltered","CR2"
"47",47,0.673375824940769,1.34935038159741,16,0.0725013174224771,15,0.21592225154702,0.0677819296239765,13.4948231115124,"GBL","GBL-WW-CR2-6.tif",47,"non-sheltered","CR2"
"48",48,0.642799422350616,1.24503670596414,13,0.0702539876801612,17,0.200004980567085,0.00396636500151409,11.2210029625896,"GBL","GBL-WW-CR2-7.tif",48,"non-sheltered","CR2"
"49",49,0.723358404125948,1.31590417515201,13,0.07515691314501,16,0.200767051111183,0.0244767570848233,11.9259998148891,"GBL","GBL-WW-CR2-8.tif",49,"non-sheltered","CR2"
"50",50,0.449928161971884,0.897282323534939,8,0.0673541216683744,11,0.206624354304877,0.105785617066963,5.94821532405616,"GBL","GBL-WW-CR3-1.tif",50,"non-sheltered","CR3"
"51",51,0.485140135128331,0.9102418930154,8,0.0706420773078559,11,0.205149247933736,0.136903573872784,5.85444555387192,"GBL","GBL-WW-CR3-2.tif",51,"non-sheltered","CR3"
"52",52,0.445504417784842,0.828588839536553,10,0.0779054206118975,11,0.205565198473123,0.0732432403105411,4.8172086151466,"GBL","GBL-WW-CR3-3.tif",52,"non-sheltered","CR3"
"53",53,0.467957831691055,0.921417830909452,8,0.0713978648048244,11,0.223949606671247,0.149366631965462,6.21811021376209,"GBL","GBL-WW-CR3-4.tif",53,"non-sheltered","CR3"
"54",54,0.424245519932377,0.872370848615084,8,0.0599481078573523,11,0.192173867067231,0.0820201048772014,5.73470043916773,"GBL","GBL-WW-CR3-6.tif",54,"non-sheltered","CR3"
"55",55,0.464740513474667,0.992863417186313,9,0.0711040511588435,11,0.198872498565076,0.189971548918534,7.59756245090412,"GBL","GBL-WW-CR3-8.tif",55,"non-sheltered","CR3"
"56",56,0.450179181700138,1.00328319688661,9,0.0961551109730981,11,0.212993582294352,0.198384641326645,7.93433168286526,"GBL","GBL-WW-CR3-9.tif",56,"non-sheltered","CR3"
"57",57,0.594976305548085,1.13185014223604,9,0.0705908825059047,16,0.217469308970122,0.146496928527802,9.14999121594065,"GBL","GBL-WW-CR4-2.tif",57,"non-sheltered","CR4"
"58",58,0.692549089742427,1.3564376936296,8,0.0994847835549831,16,0.245023627828321,0.288912655031329,13.4256127504191,"GBL","GBL-WW-CR4-3.tif",58,"non-sheltered","CR4"
"59",59,0.64263395957646,1.42838167347004,12,0.0896639978163011,16,0.292000177877488,0.183611562034485,16.0607657807126,"GBL","GBL-WW-CR4-4.tif",59,"non-sheltered","CR4"
"60",60,0.631184518947751,1.37311315718468,11,0.0648501716986059,15,0.2193399261774,0.103519021882458,14.6765542211155,"GBL","GBL-WW-CR4-5.tif",60,"non-sheltered","CR4"
"61",61,0.227624155538875,0.353316637362443,4,0.0409585176401805,5,0.115180593979356,0.0223512173208087,0.720677428227417,"GBL","GBL-WW-CR5-1(yellowx10).tif",61,"non-sheltered","CR5"
"62",62,0.236290629785361,0.352567452255917,5,0.0715767418403606,5,0.145677980681171,0.0457683352778034,0.675777208718426,"GBL","GBL-WW-CR5-2(yellowx10).tif",62,"non-sheltered","CR5"
"63",63,0.212657145995535,0.396092902731007,5,0.0602419969425761,8,0.0943324303104384,NA,1.10210443499249,"GBL","GBL-WW-CR5-3(yellowx10).tif",63,"non-sheltered","CR5"
"64",64,0.200681155828392,0.378201941357535,7,0.0577449085832478,9,0.107174362212955,NA,1.01423787650116,"GBL","GBL-WW-CR5-4(yellowx10).tif",64,"non-sheltered","CR5"
"65",65,0.38377246251255,0.874577464546296,7,0.0879774414305617,11,0.145767319028206,0.113906465638451,6.09551148444352,"GBL","GBL-WW-SR-1.tif",65,"non-sheltered","SR"
"66",66,0.367752044387295,0.856936082424207,9,0.0776781673886498,8,0.136415443209483,0.0748451371308182,5.91285910480792,"GBL","GBL-WW-SR-2.tif",66,"non-sheltered","SR"
"67",67,0.339205249626586,0.631721315916863,9,0.0467725188485906,8,0.111437441125243,0.049587293066531,2.80308233085842,"GBL","GBL-WW-SR-4.tif",67,"non-sheltered","SR"
"68",68,0.397038408528925,0.70214447228629,8,0.0443705994728932,16,0.0997713742963833,0.120045516921563,3.30994319311203,"GBL","GBL-WW-SR-5.tif",68,"non-sheltered","SR"
"69",69,1.28582962972372,2.48183047336693,16,0.0907386578454792,23,0.215546830345692,0.060409657983036,44.473667794524,"PM","PM-DS-CR1-2.tif",69,"sheltered","CR1"
"70",70,0.466834471314332,0.898496284350982,11,0.0459122594906977,12,0.188347757089328,NA,5.81676139380314,"PM","PM-DS-CR3-2.tif",70,"sheltered","CR3"
"71",71,0.447042073128218,0.77891883490527,10,0.056232284300862,11,0.188996716372323,NA,4.0156255740127,"PM","PM-DS-CR3-3.tif",71,"sheltered","CR3"
"72",72,0.456483416695772,0.873974980739556,NA,NA,11,0.185007558720967,0.18503519360868,5.48212266450823,"PM","PM-DS-CR3-4.tif",72,"sheltered","CR3"
"73",73,0.464060736737803,0.767391189873204,10,0.0651266092687492,12,0.175284695570981,NA,3.68666114513584,"PM","PM-DS-CR3-5.tif",73,"sheltered","CR3"
"74",74,0.708775926172423,1.31437909813925,11,0.0618760624536949,19,0.152257241406908,0.114193855736192,12.0925265187269,"PM","PM-DS-CR3-6.tif",74,"sheltered","CR3"
"75",75,0.91427625583748,1.9615378539018,14,0.069054751239503,15,0.24337623649043,0.0926861356427516,29.724580507595,"PM","PM-DS-CR3-8.tif",75,"sheltered","CR3"
"76",76,0.401189075335483,0.873313129642933,8,0.0801451393457887,11,0.191936675445869,0.17382398240384,5.93876943208902,"PM","PM-DS-CR4-10.tif",76,"sheltered","CR4"
"77",77,0.375955911129406,0.879259459482571,9,0.0533156166289678,12,0.177170536218506,NA,6.23516551293482,"PM","PM-DS-CR4-11.tif",77,"sheltered","CR4"
"78",78,0.43303710461486,0.906721175742325,9,0.0498908064417737,11,0.201884848007618,0.120432754957385,6.26346962947579,"PM","PM-DS-CR4-12.tif",78,"sheltered","CR4"
"79",79,0.431792092944028,0.853516720974595,8,0.0796473363136319,12,0.199439588193294,0.10841967743652,5.34978335199534,"PM","PM-DS-CR4-13.tif",79,"sheltered","CR4"
"80",80,0.337880089076168,0.704377156351954,9,0.0616942598750967,13,0.187634376776849,0.137722824332025,3.77003317632712,"PM","PM-DS-CR4-2.tif",80,"sheltered","CR4"
"81",81,0.3900636938234,0.78804651015105,10,0.0690373033616991,13,0.180282918100017,0.126270827139365,4.62753789550258,"PM","PM-DS-CR4-3.tif",81,"sheltered","CR4"
"82",82,0.412823909619702,0.747890280826871,10,0.0699610356577755,13,0.204045196523495,0.142861810630916,3.83844994522043,"PM","PM-DS-CR4-4.tif",82,"sheltered","CR4"
"83",83,0.55861933971686,1.17865860703606,7,0.0691269122156053,14,0.183884350580989,NA,10.631345850014,"PM","PM-DS-CR4-5.tif",83,"sheltered","CR4"
"84",84,0.5741615989843,1.16579814507842,8,0.0550916382646809,15,0.211317465475229,NA,10.1600054037458,"PM","PM-DS-CR4-6.tif",84,"sheltered","CR4"
"85",85,0.462791479878983,0.896068605778425,8,0.060556342313634,11,0.187413263865655,NA,5.81085782111898,"PM","PM-DS-CR4-7.tif",85,"sheltered","CR4"
"86",86,0.563995026548016,1.1381873725627,7,0.0656663446492083,14,0.190395466733187,NA,9.64635498673616,"PM","PM-DS-CR4-8.tif",86,"sheltered","CR4"
"87",87,0.41794401935644,0.851314054760724,8,0.0881712349375271,11,0.210996844892856,NA,5.42885896851566,"PM","PM-DS-CR4-9.tif",87,"sheltered","CR4"
"88",88,0.458722967193123,0.958605634974621,8,0.0603681493600377,13,0.16930324954475,NA,6.99259500634754,"PM","PM-DS-CR5-3.tif",88,"sheltered","CR5"
"89",89,0.323415312699412,0.722632142254222,NA,0.0383649394100544,6,0.169546926391624,0.0515744330375719,4.12154431599011,"PM","PM-DS-SR-1.tif",89,"sheltered","SR"
"90",90,0.360662970173521,0.90199974439752,11,0.0656994453556593,3,0.172951874380396,NA,6.74612885743263,"PM","PM-DS-SR-3.tif",90,"sheltered","SR"
"91",91,0.347747151408224,0.941707468126384,10,0.0971367874559552,4,0.282066535113584,NA,7.55898072525516,"PM","PM-DS-SR-4.tif",91,"sheltered","SR"
"92",92,1.34841861289418,2.23619293378582,12,0.0928835261819264,23,0.264327606225943,0.105697548235285,31.4082994998137,"PM","PM-WW-CR1-2.tif",92,"non-sheltered","CR1"
"93",93,0.60088143679761,1.01563645437275,NA,0.0505400398207961,12,0.242087341337524,0.257582423648242,6.61716417298883,"PM","PM-WW-CR3-1.tif",93,"non-sheltered","CR3"
"94",94,0.575372825380645,0.90272667468295,NA,0.0507515684134304,12,0.240196889837303,0.228424798890879,4.77552219194019,"PM","PM-WW-CR3-2.tif",94,"non-sheltered","CR3"
"95",95,0.589699908534398,1.02167812431252,NA,0.0582675828367797,12,0.24036345368084,0.253638878943669,6.87003628017637,"PM","PM-WW-CR3-3.tif",95,"non-sheltered","CR3"
"96",96,0.727885144788271,1.48268105064964,11,0.0784859395091985,15,0.232398903324119,0.0465373086583716,16.4676946515148,"PM","PM-WW-CR3-4.tif",96,"non-sheltered","CR3"
"97",97,0.590857722599314,1.30258597133697,11,0.0931171697801722,14,0.263443114482815,0.0971298752156292,13.3004502703571,"PM","PM-WW-CR3-6.tif",97,"non-sheltered","CR3"
"98",98,0.656569534594377,1.23432859689794,10,0.0848019994722268,14,0.29087999872573,0.265253244026777,10.7823802692535,"PM","PM-WW-CR3-8.tif",98,"non-sheltered","CR3"
"99",99,0.641679768631706,1.28393680364405,12,0.0998901056545829,14,0.260613175451245,0.205883063441209,12.2061423467588,"PM","PM-WW-CR3-9.tif",99,"non-sheltered","CR3"
"100",100,0.310243856074815,0.718046581185955,8,0.102369499351887,8,0.173187519025709,0.0273086391670831,4.13871638137322,"PM","PM-WW-CR5-1.tif",100,"non-sheltered","CR5"
"101",101,0.310034885645023,0.677474233948659,7,0.0684167189672189,8,0.171825860106663,NA,3.58118306856988,"PM","PM-WW-CR5-2.tif",101,"non-sheltered","CR5"
"102",102,0.377860343301575,0.82699309296582,8,0.0885253622351757,8,0.195781015627751,0.0475861919175586,5.34082920589837,"PM","PM-WW-CR5-3.tif",102,"non-sheltered","CR5"
"103",103,0.342058768493408,0.736111555301669,7,0.0627757410910705,8,0.173954424823838,0.0543961129595066,4.19316085217826,"PM","PM-WW-CR5-4.tif",103,"non-sheltered","CR5"
"104",104,0.394266679193508,0.743067068304428,8,0.077086303780678,8,0.201509580298973,0.17102062277719,3.91529628272617,"PM","PM-WW-CR5-6.tif",104,"non-sheltered","CR5"
"105",105,0.319327962900077,0.857308267327514,9,0.0656221146379854,6,0.145147458967173,0.0175894690235908,6.24752983120189,"PM","PM-WW-SR-1.tif",105,"non-sheltered","SR"
"106",106,0.322393611970563,0.837143380413682,11,0.0808311353315418,6,0.163012593005346,NA,5.8908845798522,"PM","PM-WW-SR-2.tif",106,"non-sheltered","SR"
"107",107,0.308988089019837,0.745157076426752,9,0.0587302029054637,6,0.157607343609925,0.0150505819361059,4.53790029749128,"PM","PM-WW-SR-3.tif",107,"non-sheltered","SR"
"108",108,0.314657695586062,0.789916610164791,11,0.0607474073458811,5,0.151881778335623,NA,5.18113554097237,"PM","PM-WW-SR-4.tif",108,"non-sheltered","SR"
"109",109,0.297229719730163,0.856173726212471,9,0.0704213580635389,5,0.161864298407376,NA,6.3628149611972,"PM","PM-WW-SR-5.tif",109,"non-sheltered","SR"
"110",110,0.336895090336152,0.919332683977702,10,0.073645625358938,5,0.177562935958362,NA,7.22133571316972,"PM","PM-WW-SR-6.tif",110,"non-sheltered","SR"
"111",111,0.287962102960739,0.734192661087543,NA,0.0673401202849516,5,0.157894127887733,NA,4.50169129945541,"PM","PM-WW-SR-7.tif",111,"non-sheltered","SR"
"112",112,1.38461127048401,2.24319876011102,NA,0.0681094783535453,31,0.170316066414078,0.0831427841209147,30.7417678617675,"BS","BS-DS-CR1-3.tif",112,"sheltered","CR1"
"113",113,1.27564349099538,2.07873174007941,NA,NA,34,0.163428151861339,NA,26.587325910088,"BS","BS-DS-CR1-4.tif",113,"sheltered","CR1"
"114",114,0.642556970470748,1.04237154417149,NA,0.07425500864668,18,0.199305760536449,0.0484723958060161,6.64874759236839,"BS","BS-DS-CR2-1.tif",114,"sheltered","CR2"
"115",115,0.642432827816469,1.09520253797339,14,0.0723384705629745,18,0.212172071598277,0.066972409491538,7.76489804643708,"BS","BS-DS-CR2-3.tif",115,"sheltered","CR2"
"116",116,0.618269186301511,0.943187639891224,NA,0.050745106236466,16,0.202704125560289,0.213710538237419,5.00730566970644,"BS","BS-DS-CR2-4.tif",116,"sheltered","CR2"
"117",117,0.622076288464266,1.09027438449943,NA,0.0637401133000563,16,0.206195595698211,0.0938144286221841,7.91265257674243,"BS","BS-DS-CR2-5.tif",117,"sheltered","CR2"
"118",118,0.4815132616061,0.808209027234477,12,0.0518410914496265,16,0.163711141843765,0.00857954889566144,4.15852633629018,"BS","BS-DS-CR3-1.tif",118,"sheltered","CR3"
"119",119,0.382354088632879,0.622546244062988,NA,0.0477367474536438,12,0.158773289712142,0.129220676019966,2.38221829064574,"BS","BS-DS-CR4-1.tif",119,"sheltered","CR4"
"120",120,0.456774541246261,0.648008127285562,8,0.0445181525135801,12,0.169110763558253,0.145887027111537,2.08516663448381,"BS","BS-DS-CR4-2.tif",120,"sheltered","CR4"
"121",121,0.399071236897125,0.71128557657103,NA,0.042034737906165,12,0.166810970286205,0.173221359774865,3.42148903967722,"BS","BS-DS-CR4-3.tif",121,"sheltered","CR4"
"122",122,0.377173760897908,0.697483684293893,8,0.0710184632150485,12,0.150987873688179,0.0043513174155741,3.39734921733064,"BS","BS-DS-CR4-4.tif",122,"sheltered","CR4"
"123",123,0.346460576557985,0.57207420375191,8,0.0586324804293689,12,0.153468202400494,0.0237860835704246,2.04531723811106,"BS","BS-DS-CR4-5.tif",123,"sheltered","CR4"
"124",124,0.35633827274442,0.6563240444704,8,0.0676050695404915,12,0.182644662652562,0.0142136511156988,2.99823073326759,"BS","BS-DS-CR4-6.tif",124,"sheltered","CR4"
"125",125,0.347284487595362,0.650528836892725,9,0.051961503347063,12,0.126960247154927,NA,2.98635725943289,"BS","BS-DS-CR4-7.tif",125,"sheltered","CR4"
"126",126,0.447458191041335,0.613837785739316,7,0.0456534852042571,19,0.14100365862324,0.122505246752278,1.74275495137009,"BS","BS-DS-CR5-2.tif",126,"sheltered","CR5"
"127",127,0.470447368913663,0.731737638318009,NA,0.0554023971747018,15,0.152695281431256,0.0181843244949495,3.10023267712964,"BS","BS-DS-CR5-3.tif",127,"sheltered","CR5"
"128",128,0.419804396989034,0.59160160628687,6,0.0476030521924472,14,0.153040019872894,0.0824767450299053,1.71491017557825,"BS","BS-DS-CR5-4.tif",128,"sheltered","CR5"
"129",129,0.414366608448298,0.647826014933691,6,0.0413452236240647,14,0.161119950087869,0.106913779050186,2.44745324238694,"BS","BS-DS-CR5-6.tif",129,"sheltered","CR5"
"130",130,0.40217352719156,0.547187703198627,NA,NA,12,0.152752282663046,NA,1.35875669439536,"BS","BS-DS-CR5-7.tif",130,"sheltered","CR5"
"131",131,0.487848547456525,0.750985340100329,NA,NA,14,0.154899799603621,0.115505988606104,3.21732103861794,"BS","BS-DS-CR5-8.tif",131,"sheltered","CR5"
"132",132,0.441446721248008,0.682201012603094,NA,NA,14,0.166285616297971,0.213009489197257,2.66995512854462,"BS","BS-DS-CR5-9.tif",132,"sheltered","CR5"
"133",133,0.36644851613493,0.643791834406258,6,0.0612005495550174,7,0.165584597350225,0.103489493601781,2.76529942701543,"BS","BS-DS-SR-1.tif",133,"sheltered","SR"
"134",134,0.36953245543495,0.555041564219425,7,0.041274570489254,7,0.153371021498444,0.13026449811653,1.69280397470301,"BS","BS-DS-SR-2.tif",134,"sheltered","SR"
"135",135,0.372635414143089,0.684906508216944,8,0.0582313946457791,8,0.172840558932893,0.0200513174587455,3.25933591824268,"BS","BS-DS-SR-4.tif",135,"sheltered","SR"
"136",136,0.359984591028947,0.772518591395803,9,0.0609758094005891,8,0.188042648963093,0.0125703750394816,4.61104037160751,"BS","BS-DS-SR-6.tif",136,"sheltered","SR"
"137",137,0.384689222289887,0.760660324639837,10,0.0419296198275443,8,0.17003937556066,0.0141687225005249,4.25003258208332,"BS","BS-DS-SR-7.tif",137,"sheltered","SR"
"138",138,0.386920144173969,0.744282487477643,10,0.048851472980001,9,0.166630089191508,0.017322347728264,3.98977991241492,"BS","BS-DS-SR-8.tif",138,"sheltered","SR"
"139",139,0.831775106898151,1.52679307380325,12,0.0541160649489568,22,0.156787379563237,NA,16.1787219891218,"BS","BS-WW-CR1-2.tif",139,"non-sheltered","CR1"
"140",140,0.484193965148023,1.07570831306409,11,0.0610697981744379,14,0.175696886264192,0.0461791895037132,9.10672917290982,"BS","BS-WW-CR3-1.tif",140,"non-sheltered","CR3"
"141",141,0.496062561933959,0.902616264892042,7,0.0518861112824785,17,0.149413025822459,0.112259968754162,5.6122326630378,"BS","BS-WW-CR3-11.tif",141,"non-sheltered","CR3"
"142",142,0.506851245233925,0.914392559821959,9,0.0448622993379169,17,0.175062074126033,0.164029178773117,5.71662852565162,"BS","BS-WW-CR3-12.tif",142,"non-sheltered","CR3"
"143",143,0.592460396366614,1.24655692178633,14,0.0558804546661341,18,0.147165563799629,NA,11.872096187079,"BS","BS-WW-CR3-14.tif",143,"non-sheltered","CR3"
"144",144,0.393435597900035,0.853078545409249,10,0.0520715039593902,11,0.184976789345545,0.0408897693087354,5.65480400391997,"BS","BS-WW-CR3-2.tif",144,"non-sheltered","CR3"
"145",145,0.452568274572515,0.814087968819786,13,0.0574116315968631,11,0.190567018827373,0.0808537352915094,4.51950087203912,"BS","BS-WW-CR3-3.tif",145,"non-sheltered","CR3"
"146",146,0.462428713532414,0.91715043476424,10,0.0580573466795382,13,0.184857525595275,0.0200352692527748,6.19144568132404,"BS","BS-WW-CR3-4.tif",146,"non-sheltered","CR3"
"147",147,0.399491547587112,0.864247738401379,10,0.0546828696707001,11,0.174097602169067,NA,5.79672123463956,"BS","BS-WW-CR3-5.tif",147,"non-sheltered","CR3"
"148",148,0.74376665439288,1.24588486218951,NA,0.0477173609227506,17,0.188527044083607,NA,9.86013208425181,"BS","BS-WW-CR3-7.tif",148,"non-sheltered","CR3"
"149",149,0.421766920388559,0.900463608176199,10,0.0559462970692046,11,0.190317841185586,NA,6.24694019317761,"BS","BS-WW-CR3-8.tif",149,"non-sheltered","CR3"
"150",150,0.394001136658414,0.841719765984741,10,0.0812182197317088,11,0.188372993768,0.0658813462465852,5.46041063549225,"BS","BS-WW-CR3-9.tif",150,"non-sheltered","CR3"
"151",151,0.367530617156658,0.739651413512629,NA,0.0446310252045581,7,0.197825264004362,0.0659978047105817,4.06633089106073,"BS","BS-WW-CR4-1.tif",151,"non-sheltered","CR4"
"152",152,0.409465616876673,0.87234417283181,10,0.0605373865945384,12,0.197704606350135,NA,5.85585603267169,"BS","BS-WW-CR4-10.tif",152,"non-sheltered","CR4"
"153",153,0.480888294792956,0.911185146281364,9,0.0534022816022569,14,0.215727190809789,0.178218789418315,5.91194059525985,"BS","BS-WW-CR4-11.tif",153,"non-sheltered","CR4"
"154",154,0.465480022090706,0.895274591063077,11,0.0650420983544483,14,0.209988789507269,0.0361840756589876,5.77218821783694,"BS","BS-WW-CR4-12.tif",154,"non-sheltered","CR4"
"155",155,0.5182588796237,0.894637775097909,0,0.0459916724653935,16,0.199616169072775,0.00658798535065852,5.24850246716931,"BS","BS-WW-CR4-13.tif",155,"non-sheltered","CR4"
"156",156,0.32110776629891,0.627077663621239,7,0.0482096352035046,6,0.191171999176135,0.0232692710522131,2.86333211087724,"BS","BS-WW-CR4-14.tif",156,"non-sheltered","CR4"
"157",157,0.45707994554406,0.791771762017518,11,0.06012395087275,14,0.179940854486402,NA,4.12530165444207,"BS","BS-WW-CR4-16.tif",157,"non-sheltered","CR4"
"158",158,0.343358164733785,0.626414901051383,7,0.0681262082116865,7,0.186109435643537,0.0208705070206133,2.70921429361549,"BS","BS-WW-CR4-17.tif",158,"non-sheltered","CR4"
"159",159,0.39686680850167,0.696024233353874,NA,0.036792332744787,7,0.236314860411899,0.0964393206011688,3.22683231652388,"BS","BS-WW-CR4-2.tif",159,"non-sheltered","CR4"
"160",160,0.376803520470831,0.738491351147073,NA,NA,7,0.209995893257803,0.163979880010245,3.98128573096593,"BS","BS-WW-CR4-5.tif",160,"non-sheltered","CR4"
"161",161,0.337914481999478,0.8006969686759,10,0.0593444687269121,13,0.122951301287437,NA,5.2005851053009,"BS","BS-WW-CR4-6.tif",161,"non-sheltered","CR4"
"162",162,0.379190365042567,0.904254972234471,NA,0.0611569657614909,7,0.222117371324404,0.239553329161752,6.65104470402237,"BS","BS-WW-CR4-7.tif",162,"non-sheltered","CR4"
"163",163,0.388304732779152,0.848048306933244,9,0.0519531025170093,7,0.188909206407988,0.0629157340449932,5.609936095892,"BS","BS-WW-CR4-8.tif",163,"non-sheltered","CR4"
"164",164,0.376084064265908,0.596780414899787,7,0.0561492094258864,10,0.151413640031804,0.239464059600881,2.11907947079569,"BS","BS-WW-CR5-2.tif",164,"non-sheltered","CR5"
"165",165,0.37167551129941,0.649964148842695,9,0.0680674742032768,10,0.169772092804526,NA,2.80603422562397,"BS","BS-WW-CR5-4.tif",165,"non-sheltered","CR5"
"166",166,0.363863942636604,0.707352569572414,9,0.0683169860360685,10,0.170165200394317,NA,3.63152773884386,"BS","BS-WW-CR5-5.tif",166,"non-sheltered","CR5"
"167",167,0.396891904398007,0.730526351156782,0,0.0424284998891952,11,0.154417649918212,0.0542130681079297,3.712407933227,"BS","BS-WW-CR5-6.tif",167,"non-sheltered","CR5"
"168",168,0.374694189115976,0.646053867910012,8,0.0431717220420663,12,0.167747126141119,NA,2.73378038951833,"BS","BS-WW-CR5-7.tif",168,"non-sheltered","CR5"
"169",169,0.357111445105184,0.737047699076419,NA,0.0567544281995847,9,0.172674397939519,NA,4.10290041573323,"BS","BS-WW-CR5-8.tif",169,"non-sheltered","CR5"
"170",170,0.352069418242037,0.703253431385938,9,0.0572369374129258,9,0.189275519759813,NA,3.65779889428716,"BS","BS-WW-CR5-9.tif",170,"non-sheltered","CR5"
"171",171,1.13943773154316,1.82562115299408,11,0.0505061492927162,34,0.152221754314727,0.0419802896442113,20.0804429740696,"BS","BS-DS-CR1-1.tif",171,"sheltered","CR1"
"172",172,1.25017771882035,1.9409894190517,13,0.0933241030469653,39,0.137657242281774,0.144364013184964,21.757499438791,"BS","BS-DS-CR1-2.tif",172,"sheltered","CR1"
"173",173,0.611625032555004,1.1034248164748,14,0.0648206610904685,19,0.194993231041503,0.0468800065499782,8.32462783046369,"BS","BS-DS-CR2-2.tif",173,"sheltered","CR2"
"174",174,0.531703838982955,0.905417343665549,10,0.0617247039087956,16,0.177481518410877,0.220151733190503,5.30068416607747,"BS","BS-DS-CR2-6.tif",174,"sheltered","CR2"
"175",175,0.461617927709586,0.718530026588519,8,0.0708401789327976,17,0.133086072002514,0.013963494355392,2.99240767850361,"BS","BS-DS-CR3-2.tif",175,"sheltered","CR3"
"176",176,0.440492469538371,0.693549401232751,10,0.0601679654780741,17,0.143973713982817,0.0243052208745075,2.83235100414263,"BS","BS-DS-CR3-3.tif",176,"sheltered","CR3"
"177",177,0.42742941746357,0.615435476786278,7,0.0491842032917008,17,0.126286955287298,0.126007538780771,1.93508318917802,"BS","BS-DS-CR4-8.tif",177,"sheltered","CR4"
"178",178,0.404049521398872,0.600905135101657,9,0.0403129985569528,18,0.131257823812995,0.166705608907959,1.95251336923997,"BS","BS-DS-CR4-9.tif",178,"sheltered","CR4"
"179",179,0.412438599501846,0.594506106889834,10,0.0488547758704495,15,0.137879893969515,0.107808850670184,1.80941345313751,"BS","BS-DS-CR5-1.tif",179,"sheltered","CR5"
"180",180,0.418231923368173,0.605779268595361,10,0.0533399574955336,16,0.135339797606308,0.0904406742809646,1.8954632548868,"BS","BS-DS-CR5-5.tif",180,"sheltered","CR5"
"181",181,0.328809350524984,0.575087534258845,6,0.0386991057610796,7,0.143550617358967,0.0959485604198728,2.19707345556746,"BS","BS-DS-SR-3.tif",181,"sheltered","SR"
"182",182,0.334076936630755,0.632184891202957,9,0.0478242022485619,8,0.157442196246521,0.0547364282558401,2.84294287454752,"BS","BS-DS-SR-5.tif",182,"sheltered","SR"
"183",183,0.976706217311288,1.835632167332,16,0.0754561837404275,36,0.139023608461677,0.079145324954944,23.840921828711,"BS","BS-WW-CR1-1.tif",183,"non-sheltered","CR1"
"184",184,0.817258498076901,1.42130991724769,13,0.0608413243177636,40,0.111244180585345,0.090499905953817,13.3457819932404,"BS","BS-WW-CR1-3.tif",184,"non-sheltered","CR1"
"185",185,0.777936935174244,1.43184545404852,16,0.0952972210800923,19,0.136789500094918,0.134011964813776,14.2615342342618,"BS","BS-WW-CR2-1.tif",185,"non-sheltered","CR2"
"186",186,0.871963966964056,1.46955364856462,13,0.0818434712539966,17,0.178736920332537,0.152916170062605,13.810209435228,"BS","BS-WW-CR2-2.tif",186,"non-sheltered","CR2"
"187",187,0.418579620023964,0.682222948725559,10,0.0496895455303161,14,0.156707766051396,0.226502772929362,2.86434922131249,"BS","BS-WW-CR3-13.tif",187,"non-sheltered","CR3"
"188",188,0.419768788768081,0.847191704389258,10,0.0948898885254369,11,0.167699953018736,0.079457825141799,5.34466661852017,"BS","BS-WW-CR3-6.tif",188,"non-sheltered","CR3"
"189",189,0.336712552630106,0.625430084606013,8,0.0779210016385783,6,0.162585068199255,0.0462278852219453,2.74165221571225,"BS","BS-WW-CR4-15.tif",189,"non-sheltered","CR4"
"190",190,0.353341409520554,0.65781849598255,9,0.055582620110042,12,0.115214036492678,0.062650827859442,3.0386046718677,"BS","BS-WW-CR4-4.tif",190,"non-sheltered","CR4"
"191",191,0.36785595233581,0.722885045693824,10,0.046285916923172,10,0.132042517837409,0.101410366580604,3.82195286018217,"BS","BS-WW-CR5-1.tif",191,"non-sheltered","CR5"
"192",192,0.361647239734951,0.589221749676583,7,0.0487933133873215,11,0.142125768316357,0.164809145635048,2.13571867703293,"BS","BS-WW-CR5-3.tif",192,"non-sheltered","CR5"
"193",193,0.387495162253967,0.762691269296689,7,0.05839696998,10,0.1175264774898,NA,4.25918308469939,"BS","BS-WW-SR-1.tif",193,"non-sheltered","SR"
"194",194,0.375106418076635,0.742514533230833,10,0.0652510420762969,6,0.111554503895256,NA,4.05268663881989,"BS","BS-WW-SR-2.tif",194,"non-sheltered","SR"
"195",195,1.17864359811016,2.11724543387359,13,0.0865368067793004,29,0.200549834934715,0.0495560851568069,30.5318925883515,"GBL","GBL-DS-CR1-1.tif",195,"sheltered","CR1"
"196",196,1.1436757174854,1.99123316570045,19,0.0890116769527292,22,0.195617778924815,0.0714476195640226,26.2236906232652,"GBL","GBL-DS-CR1-2.tif",196,"sheltered","CR1"
"197",197,0.605457336249611,1.15437155204541,10,0.0702864421689157,15,0.226380246562959,0.0728889890420613,9.53398943268559,"GBL","GBL-DS-CR2-1.tif",197,"sheltered","CR2"
"198",198,0.619016594352233,1.19526352256293,11,0.0812599366741122,15,0.209404867821412,0.0510957286407172,10.3184083199878,"GBL","GBL-DS-CR2-2.tif",198,"sheltered","CR2"
"199",199,0.596895625116386,1.25082316339878,11,0.0634361755768311,16,0.238020605080453,0.0757755122698842,11.9251883503162,"GBL","GBL-DS-CR3-2.tif",199,"sheltered","CR3"
"200",200,0.681557755560416,1.27643355599339,11,0.0697055642617833,20,0.165644896609849,0.0470915687059379,11.4957366942432,"GBL","GBL-DS-CR3-3.tif",200,"sheltered","CR3"
"201",201,0.389024371278721,0.783525845976944,9,0.0703827286056851,14,0.167206118711579,0.0405283578982537,4.56541044267659,"GBL","GBL-DS-CR4-1.tif",201,"sheltered","CR4"
"202",202,0.462072874382411,0.976993878263493,8,0.0661257336294102,17,0.132750734339003,0.107888646521666,7.31343308759652,"GBL","GBL-DS-CR4-4.tif",202,"sheltered","CR4"
"203",203,0.285138176591536,0.657606305014004,7,0.0798132706576842,9,0.159753461623725,0.0139192930842965,3.46563531949797,"GBL","GBL-DS-CR5-3.tif",203,"sheltered","CR5"
"204",204,0.360676277682716,0.732690674730003,6,0.0580090239562378,9,0.153498429091126,0.0232024841884114,4.01444429418691,"GBL","GBL-DS-CR5-5.tif",204,"sheltered","CR5"
"205",205,0.309375039789512,0.646087288595207,9,0.0688598807030435,7,0.0964699938743423,NA,3.17520835894689,"GBL","GBL-DS-SR-2.tif",205,"sheltered","SR"
"206",206,0.301183629848246,0.716768088065045,8,0.0519405371729119,7,0.119081576584761,NA,4.17528593697836,"GBL","GBL-DS-SR-3.tif",206,"sheltered","SR"
"207",207,0.807894204379941,1.38899533520299,14,0.0817371325419493,25,0.17493930907601,0.0739497155818632,12.5996849805012,"GBL","GBL-WW-CR1-1.tif",207,"non-sheltered","CR1"
"208",208,1.00379289271827,1.76419296136776,11,0.0712791761545785,37,0.160416713290713,0.0420742663413096,20.7733127249843,"GBL","GBL-WW-CR1-3.tif",208,"non-sheltered","CR1"
"209",209,0.698410287982142,1.21017528541295,13,0.0868969654421157,15,0.184326924169416,0.0660288606035393,9.64010936264733,"GBL","GBL-WW-CR2-5.tif",209,"non-sheltered","CR2"
"210",210,0.817056333313913,1.37355115045538,15,0.0438641084028175,24,0.147901622541681,0.0411954252571508,12.03165682916,"GBL","GBL-WW-CR2-9.tif",210,"non-sheltered","CR2"
"211",211,0.457679391106692,0.908207970879322,9,0.0804833266069251,11,0.209991902623317,0.139363989158146,6.07347122490391,"GBL","GBL-WW-CR3-5.tif",211,"non-sheltered","CR3"
"212",212,0.461929043906309,0.93882982560134,9,0.084494687056587,11,0.197868019300401,0.126866158685601,6.59312273919496,"GBL","GBL-WW-CR3-7.tif",212,"non-sheltered","CR3"
"213",213,0.622268609316342,1.26949602939575,12,0.0874808590318315,15,0.250851263610689,0.0823955852801087,12.0843628399882,"GBL","GBL-WW-CR4-1.tif",213,"non-sheltered","CR4"
"214",214,0.607043907323136,1.36015383076374,13,0.114793034565926,15,0.215369284291356,0.132859088266657,14.6219781951312,"GBL","GBL-WW-CR4-6.tif",214,"non-sheltered","CR4"
"215",215,0.517026324753713,0.936054146548581,5,0.136205529739398,9,0.247332490638154,NA,6.00941602628531,"GBL","GBL-WW-CR5-5(yellowx10).tif",215,"non-sheltered","CR5"
"216",216,0.50246238008925,1.01584414874002,4,0.167374404287807,9,0.257317666439707,NA,7.69306933756223,"GBL","GBL-WW-CR5-6(yellowx10).tif",216,"non-sheltered","CR5"
"217",217,0.375521502986755,0.719164594253047,10,0.062861185430933,11,0.112425358234481,0.0609986034207268,3.71276075642417,"GBL","GBL-WW-SR-3.tif",1,"non-sheltered","SR"
"218",218,0.394073264573553,0.683179995619776,10,0.0563566453064433,8,0.113615125497214,0.0339249952206884,3.07380112793354,"GBL","GBL-WW-SR-6.tif",2,"non-sheltered","SR"
"219",219,1.29935042365593,2.36438793729147,14,0.0646097787155306,26,0.220596773995328,0.0979749176110977,38.5113818678692,"PM","PM-DS-CR1-1.tif",3,"sheltered","CR1"
"220",220,1.38977300416503,2.47642993369897,17,0.0650993245215663,25,0.239376334984034,0.0477177522742843,41.4645394219306,"PM","PM-DS-CR1-3.tif",4,"sheltered","CR1"
"221",221,1.09620922977634,2.02906380145413,16,0.067968172083924,21,0.213066805468829,0.0767981926909297,28.7740937296591,"PM","PM-DS-CR2-1.tif",5,"sheltered","CR2"
"222",222,1.10976307980445,1.82014016062212,11,0.0796634917560429,22,0.277512862220454,0.0198013364331066,20.5419640413947,"PM","PM-DS-CR2-2.tif",6,"sheltered","CR2"
"223",223,0.497300342583813,0.806931324057036,9,0.0529787936051905,12,0.19283737383439,0.241425510807536,3.98564758615512,"PM","PM-DS-CR3-1.tif",7,"sheltered","CR3"
"224",224,0.80551337553154,1.48540611255555,11,0.0438190885699656,20,0.176730021030187,0.0721613790868137,15.3726936960725,"PM","PM-DS-CR3-7.tif",8,"sheltered","CR3"
"225",225,0.370219767017203,0.733558701071837,9,0.0465377264188844,13,0.166682543890455,0.250789595381471,3.95816232707677,"PM","PM-DS-CR4-1.tif",9,"sheltered","CR4"
"226",226,0.426585028660901,0.834216639863843,11,0.0471322466996083,13,0.171090019437885,0.225322214351665,5.07241030032089,"PM","PM-DS-CR4-14.tif",10,"sheltered","CR4"
"227",227,0.326200471073789,0.732881172635613,6,0.0589553020697233,8,0.191671901381813,0.0381797970456358,4.25091822254449,"PM","PM-DS-CR5-1.tif",11,"sheltered","CR5"
"228",228,0.383187539756758,0.908868181324126,9,0.0658434082980326,9,0.205969093270226,0.0397163172147382,6.70352098132,"PM","PM-DS-CR5-2.tif",12,"sheltered","CR5"
"229",229,0.476267490093029,1.00611708869649,12,0.055716171767306,3,0.187592860742314,0.0917217979739431,7.75199070729554,"PM","PM-DS-SR-2.tif",13,"sheltered","SR"
"230",230,0.226779219163758,0.581082597533985,7,0.0664719627107689,5,0.11129454787329,0.0577619943833658,2.82495881535199,"PM","PM-DS-SR-5.tif",14,"sheltered","SR"
"231",231,1.24511497113238,1.80728164314071,13,0.0493084206933497,29,0.192523632498731,0.166543867600568,16.9358033987511,"PM","PM-WW-CR1-1.tif",15,"non-sheltered","CR1"
"232",232,2.00160852627188,3.35225915481802,24,0.0718122339521744,34,0.216402101137938,0.0371195831305018,71.3691302121279,"PM","PM-WW-CR1-3.tif",16,"non-sheltered","CR1"
"233",233,1.15970221209887,2.33189561796642,15,0.0894789641492208,22,0.236191468143175,NA,40.3945927713556,"PM","PM-WW-CR2-1.tif",17,"non-sheltered","CR2"
"234",234,1.02677690557562,2.05609268945817,14,0.084173301455558,20,0.251846709994802,NA,31.3186859820093,"PM","PM-WW-CR2-2.tif",18,"non-sheltered","CR2"
"235",235,0.538988029233386,1.19143740099205,10,0.0604535218979339,15,0.224048641587963,0.169688570392129,11.1429312631327,"PM","PM-WW-CR3-5.tif",19,"non-sheltered","CR3"
"236",236,0.581134065389185,1.28588170522775,13,0.0794745807827839,15,0.228147429736002,0.136661469684616,12.9861783151717,"PM","PM-WW-CR3-7.tif",20,"non-sheltered","CR3"
"237",237,0.361509242687537,0.618215409380788,5,0.0500096386959522,10,0.178974566699619,0.0346733339531726,2.48221892802926,"PM","PM-WW-CR4-1.tif",21,"non-sheltered","CR4"
"238",238,0.367463168137447,0.654018867900303,9,0.0522186979902457,10,0.173856873293164,0.00636742849081011,2.8889467050173,"PM","PM-WW-CR4-2.tif",22,"non-sheltered","CR4"
"239",239,0.316568143481566,0.704744601594451,7,0.0796701693389061,8,0.174884523918944,0.0431396924060823,3.91280036175473,"PM","PM-WW-CR5-5.tif",23,"non-sheltered","CR5"
"240",240,0.355591411577638,0.657639178815259,7,0.0771934323143543,8,0.17807665469875,0.0966663777382021,3.02053357968421,"PM","PM-WW-CR5-7.tif",24,"non-sheltered","CR5"
"241",241,0.266904519162911,0.677822416723507,10,0.0731455246638605,8,0.120051384990191,0.034348984679988,3.83143181226218,"PM","PM-WW-SR-8.tif",25,"non-sheltered","SR"
"242",242,0.26940778924889,0.629679615875866,9,0.0726633026583845,5,0.16451990824209,0.0349623039744189,3.19692141462759,"PM","PM-WW-SR-9.tif",26,"non-sheltered","SR"
"243",243,1.28104081012459,2.16223824399429,15,0.0550499213222774,26,0.251102300609801,0.15787701206196,29.946439209569,"W2","W2-DS-CR1-1.tif",27,"sheltered","CR1"
"244",244,1.36979357167159,2.42220201602081,18,0.0918426130768958,26,0.222404332403743,0.147618773048653,39.38690838344,"W2","W2-DS-CR1-2.tif",28,"sheltered","CR1"
"245",245,0.891581301524632,1.67362855562367,13,0.0463924710411182,32,0.159950311805865,NA,19.7995646404228,"W2","W2-DS-CR2-1.tif",29,"sheltered","CR2"
"246",246,0.83974004612356,1.60196336506264,14,0.074146659479577,28,0.16288241957525,NA,18.3685504949187,"W2","W2-DS-CR2-2.tif",30,"sheltered","CR2"
"247",247,0.494042008071958,0.915645106338181,11,0.0493301766891298,13,0.20200150454825,0.157016412510895,5.86578673537072,"W2","W2-DS-CR3-1.tif",31,"sheltered","CR3"
"248",248,0.524413268419897,0.884852259237729,11,0.0753407261786637,13,0.193518847379739,0.239007395633014,5.01330744789111,"W2","W2-DS-CR3-2.tif",32,"sheltered","CR3"
"249",249,0.574239681857892,0.972913881014901,11,0.0561871208640775,13,0.184132073234031,0.13775994801656,6.08767274007137,"W2","W2-DS-CR4-2.tif",33,"sheltered","CR4"
"250",250,0.569684624760476,1.0027017377291,13,0.0740375204908451,13,0.175162418381012,0.101249890724593,6.71991955364375,"W2","W2-DS-CR4-3.tif",34,"sheltered","CR4"
"251",251,0.363576160154635,0.753373278439944,8,0.0365255884400902,12,0.160650508846507,0.196586613714647,4.29706460962259,"W2","W2-DS-CR5-2.tif",35,"sheltered","CR5"
"252",252,0.349990955447326,0.761868512792073,11,0.0431022895406823,12,0.1515463274179,0.174428060387735,4.51978495933909,"W2","W2-DS-CR5-3.tif",36,"sheltered","CR5"
"253",253,0.307948462650748,0.684285126531847,8,0.0499646906650666,6,0.119127483089099,0.0216931622036375,3.68544726107714,"W2","W2-DS-SR-1.tif",37,"sheltered","SR"
"254",254,0.297626392880985,0.644892894071224,10,0.0540785843225634,6,0.127410896260102,0.0372482444458554,3.23037457043134,"W2","W2-DS-SR-2.tif",38,"sheltered","SR"
"255",255,0.898163353561558,1.62946536843927,12,0.0647380170272906,28,0.187144294150418,0.0175673831924713,18.2435687268225,"W2","W2-WW-CR1-1.tif",39,"non-sheltered","CR1"
"256",256,1.06075437938585,1.792878725414,15,0.0797452023936593,29,0.212141517753403,0.0238853068383723,20.619718360484,"W2","W2-WW-CR1-2.tif",40,"non-sheltered","CR1"
"257",257,1.18143246314235,2.13470069316158,17,0.0788909744009332,25,0.228216418570724,0.139587719254309,31.1994419210183,"W2","W2-WW-CR2-1.tif",41,"non-sheltered","CR2"
"258",258,1.24359159553631,2.09275524188183,18,0.0658043480283812,24,0.215676247581689,0.239326495688418,27.9616201083493,"W2","W2-WW-CR2-2.tif",42,"non-sheltered","CR2"
"259",259,0.519335025686975,1.08263070920607,10,0.0664233527796035,13,0.195950154867988,0.0126060302015798,8.90613740554129,"W2","W2-WW-CR3-5.tif",43,"non-sheltered","CR3"
"260",260,0.500245191068539,1.04379089028927,9,0.0480755091305103,13,0.208668554189459,0.0154926960293642,8.28310666431051,"W2","W2-WW-CR3-6.tif",44,"non-sheltered","CR3"
"261",261,0.414687264731522,0.866935126080341,10,0.0653643455790725,14,0.175866547582519,0.0191113331188276,5.72053113145069,"W2","W2-WW-CR4-2.tif",45,"non-sheltered","CR4"
"262",262,0.404751598847494,0.779044678976249,10,0.0597445492829741,13,0.177834081712454,0.0268047396166946,4.37309098791911,"W2","W2-WW-CR4-4.tif",46,"non-sheltered","CR4"
"263",263,0.397427425304594,0.757093608350957,7,0.0527554894900877,13,0.13481513831739,0.0937396524959378,4.09827598232006,"W2","W2-WW-CR5-5.tif",47,"non-sheltered","CR5"
"264",264,0.355899671824899,0.794741949458111,8,0.0853038952164611,10,0.196050124059516,0.144790670770041,4.98365861581201,"W2","W2-WW-CR5-9.tif",48,"non-sheltered","CR5"
"265",265,0.242129582933297,0.631879122315865,9,0.0502119048349376,6,0.142850435235278,0.0858048882539137,3.36202636054554,"W2","W2-WW-SR-6.tif",49,"non-sheltered","SR"
"266",266,0.315011286435424,0.744141816775413,8,0.0656068208191697,6,0.13358634968057,0.104462569891991,4.48588258203282,"W2","W2-WW-SR-7.tif",50,"non-sheltered","SR"
